﻿<?xml version="1.0" encoding="UTF-8"?>
<!--
============================
  THEME FILE FOR ALEPHNOTE
============================
Theme:      Stachybotrys
Source:     https://github.com/Arty2/stachybotrys
-->
<theme>
	<meta>
		<name>Stachybotrys</name>
		<version>1.4</version>
		<compatibility>1.6.35+</compatibility>
		<author>heracl.es</author>
		<type>theme</type>
	</meta>

	<ref>
		<valueref key="MK_VeryLightGray"  type="color">#C0C0C0</valueref>
		<valueref key="MK_LightGray"      type="color">#5C5C5F</valueref>
		<valueref key="MK_Gray"           type="color">#4C4C4F</valueref>
		<valueref key="MK_SlightDarkGray" type="color">#202022</valueref>
		<valueref key="MK_DarkGray"       type="color">#3C3C3F</valueref>
		<valueref key="MK_VeryDarkGray"   type="color">#2C2C2F</valueref>

		<valueref key="MK_Red"            type="color">#FF5794</valueref>
		<valueref key="MK_Orange"         type="color">#FAA23D</valueref>
		<valueref key="MK_Yellow"         type="color">#E6DB7A</valueref>
		<valueref key="MK_Green"          type="color">#B2E64C</valueref>
		<valueref key="MK_Cyan"           type="color">#66CCE1</valueref>
		<valueref key="MK_Blue"           type="color">#5596F1</valueref>
		<valueref key="MK_Purple"         type="color">#CD23B9</valueref>


		<!--// Other constants -->

		<valueref key="Transparent"    type="color">#00000000</valueref>
		<valueref key="Black"          type="color">#000000</valueref>
		<valueref key="White"          type="color">#FFFFFF</valueref>
	</ref>

	<data>

		<property name="scintilla.background"                              value="@MK_VeryDarkGray" />
		<property name="scintilla.default:foreground"                      value="@MK_VeryLightGray" />
		<property name="scintilla.margin.numbers:background"               value="@MK_VeryDarkGray" />
		<property name="scintilla.margin.symbols:background"               value="@MK_VeryDarkGray" />
		<property name="scintilla.whitespace:color"                        value="@MK_Gray" />

		<property name="scintilla.link:foreground"                         value="@MK_Purple" />
		<property name="scintilla.markdown.header:foreground"              value="@White" />
		<property name="scintilla.markdown.list:foreground"                value="@MK_LightGray" />
		<property name="scintilla.markdown.url:foreground"                 value="@MK_Purple" />
		<property name="scintilla.markdown.code:foreground"                value="@MK_Green" />

		<property name="scintilla.search.local:color"                      value="@MK_Cyan" />
		<property name="scintilla.search.local:alpha"                      value="100" />
		<property name="scintilla.search.local:outline_alpha"              value="230" />
		<property name="scintilla.search.global:color"                     value="@MK_Yellow" />
		<property name="scintilla.search.global:alpha"                     value="100" />
		<property name="scintilla.search.global:outline_alpha"             value="230" />

		<property name="scintilla.selection:background"                    value="@MK_Purple"/>


		<property name="window.background"                                 value="@MK_DarkGray" />
		<property name="window.foreground"                                 value="@MK_VeryLightGray" />
		<property name="window.splitter"                                   value="@Transparent" />
		<property name="window.notetitle:foreground"                       value="@White" />
		<property name="window.notetitle:caret"                            value="@White"/>
		<property name="window.notetitle.placeholder"                      value="@MK_LightGray" />
		<property name="window.changedate:foreground"                      value="@MK_LightGray" />
		<property name="window.menubar:background"                         value="@MK_DarkGray" />
		<property name="window.menubar:foreground"                         value="@MK_VeryLightGray" />

		<property name="window.tageditor.tag:background"                   value="@MK_DarkGray" />
		<property name="window.tageditor.tag:bordercolor_default"          value="@MK_LightGray" />
		<property name="window.tageditor.tag:bordercolor_highlighted"      value="@MK_LightGray" />
		<property name="window.tageditor.tag:foreground"                   value="@MK_VeryLightGray" />
		<property name="window.tageditor.placeholder"                      value="@MK_LightGray" />
		<property name="window.tageditor.popup:background"                 value="@MK_DarkGray" />
		<property name="window.tageditor.popup:bordercolor"                value="@MK_LightGray" />
		<property name="window.tageditor.popup:foreground"                 value="@MK_VeryLightGray" />
		<property name="window.tageditor.tag:highlight"                    value="@MK_Purple"/>
		<property name="window.tageditor.tagbutton:foreground"             value="@Transparent"/>
		<property name="window.tageditor.tagbutton:background"             value="@MK_DarkGray"/>

		<property name="window.pathdisplay.element:foregroud"              value="$window.foreground" />
		<property name="window.pathdisplay.element:background"             value="$window.background" />
		<property name="window.pathdisplay.element:background_hover"       value="#FAF0E6" />
		<property name="window.pathdisplay.element:border"                 value="#D3D3D3" />
		<property name="window.pathdisplay.button:foreground"              value="@MK_VeryLightGray" />
		<property name="window.pathdisplay.button:background"              value="@MK_Gray" />
		<property name="window.pathdisplay.button:border"                  value="@MK_LightGray" />
		<property name="window.pathdisplay.popup:background"               value="@Black" />
		<property name="window.pathdisplay.popup:border"                   value="@MK_LightGray" />
		<property name="window.pathdisplay.popup:border_thickness"         value="0" />
		<property name="window.pathdisplay.popup.text:foreground"          value="$window.foreground" />
		<property name="window.pathdisplay.popup.list:foreground"          value="$window.foreground" />
		<property name="window.pathdisplay.popup.list:background"          value="$window.background" />
		<property name="window.pathdisplay.popup.list.selected:foreground" value="@MK_Green" />
		<property name="window.pathdisplay.popup.list.selected:background" value="@MK_Gray" />
		<property name="window.pathdisplay.popup.button:foreground"        value="@MK_VeryLightGray" />
		<property name="window.pathdisplay.popup.button:background"        value="@MK_Gray" />
		<property name="window.pathdisplay.popup.button:border"            value="@MK_LightGray" />

		<property name="window.inlinesearch:background"                    value="@MK_VeryDarkGray" />
		<property name="window.inlinesearch:foreground"                    value="@MK_VeryLightGray" />
		<property name="window.inlinesearch.btnSearch:foreground"          value="$window.inlinesearch:foreground" />
		<property name="window.inlinesearch.btnCaseIns:foreground"         value="$window.inlinesearch:foreground" />
		<property name="window.inlinesearch.btnWholeWord:foreground"       value="$window.inlinesearch:foreground" />
		<property name="window.inlinesearch.btnRegex:foreground"           value="$window.inlinesearch:foreground" />
		<property name="window.inlinesearch.textbox:background"            value="@MK_DarkGray" />
		<property name="window.inlinesearch.textbox:foreground"            value="@MK_VeryLightGray" />

		<property name="window.globalsearch.input:foreground"              value="@MK_VeryLightGray" />
		<property name="window.globalsearch.input:background"              value="@MK_DarkGray" />
		<property name="window.globalsearch.input:border"                  value="@MK_LightGray" />
		<property name="window.globalsearch.placeholder:foreground"        value="@MK_Gray" />
		<property name="window.globalsearch.button:foreground"             value="@Transparent" />
		<property name="window.globalsearch.button:background"             value="@MK_DarkGray" />

		<property name="window.notesview.flat:background"                       value="@MK_VeryDarkGray" />
		<property name="window.notesview.flat:foreground"                       value="@MK_VeryLightGray" />
		<property name="window.notesview.flat.selected:background"              value="@MK_Gray" />
		<property name="window.notesview.flat.selected:foreground"              value="@MK_Green" />
		<property name="window.notesview.flat.datetime1:foreground"             value="@MK_LightGray" />
		<property name="window.notesview.flat.datetime2:foreground"             value="@MK_LightGray" />
		<property name="window.notesview.flat.preview:foreground"               value="@MK_LightGray" />
		<property name="window.notesview.flat.separator"                        value="@MK_LightGray" />
		<property name="window.notesview.hierarchical.tree.selected:background" value="@MK_Gray" />
		<property name="window.notesview.hierarchical.tree.selected:foreground" value="@MK_Green" />

		<property name="window.statusbar:background"                       value="@MK_DarkGray" />
		<property name="window.statusbar:foreground"                       value="@MK_LightGray" />



		<property name="window.notesview.flat.vborder:margin"              value="6,1,6,0" />


	</data>
</theme>